{"cameraMode":{"drawMode":0,"name":"Shaded","section":"Shading Mode"},"sceneLighting":false,"audioPlay":false,"sceneViewState":{"showFog":true,"showMaterialUpdate":true,"showSkybox":false,"showFlares":true,"showImageEffects":true,"showParticleSystems":true},"in2DMode":false,"pivot":{"x":-2.806999921798706,"y":1.2999999523162842,"z":-9.87764835357666},"rotation":{"x":0.04748925939202309,"y":-0.9276768565177918,"z":0.12628301978111268,"w":0.3485516309738159},"size":12.100252151489258,"orthographic":false}