{"cameraMode":{"drawMode":0,"name":"Shaded","section":"Shading Mode"},"sceneLighting":false,"audioPlay":false,"sceneViewState":{"showFog":true,"showMaterialUpdate":true,"showSkybox":false,"showFlares":true,"showImageEffects":true,"showParticleSystems":true},"in2DMode":false,"pivot":{"x":2.2259998321533205,"y":2.606600046157837,"z":5.420000076293945},"rotation":{"x":-0.05412304028868675,"y":-0.6773958802223206,"z":0.05008824169635773,"w":-0.7319359183311462},"size":40.010372161865237,"orthographic":false}