{"cameraMode":{"drawMode":0,"name":"Shaded","section":"Shading Mode"},"sceneLighting":false,"audioPlay":false,"sceneViewState":{"showFog":true,"showMaterialUpdate":true,"showSkybox":false,"showFlares":true,"showImageEffects":true,"showParticleSystems":true},"in2DMode":false,"pivot":{"x":-2.335723400115967,"y":0.6489102840423584,"z":-1.7625900506973267},"rotation":{"x":-0.2540294826030731,"y":-0.005445611197501421,"z":0.0016890158876776696,"w":-0.9673364758491516},"size":1.8411632776260377,"orthographic":false}