{"cameraMode":{"drawMode":0,"name":"Shaded","section":"Shading Mode"},"sceneLighting":false,"audioPlay":false,"sceneViewState":{"showFog":true,"showMaterialUpdate":true,"showSkybox":false,"showFlares":true,"showImageEffects":true,"showParticleSystems":true},"in2DMode":false,"pivot":{"x":5.6479997634887699,"y":1.182314157485962,"z":5.950700283050537},"rotation":{"x":-0.14429493248462678,"y":-0.11788952350616455,"z":0.017166027799248697,"w":-0.9824649691581726},"size":1.829266905784607,"orthographic":false}