{"cameraMode":{"drawMode":0,"name":"Shaded","section":"Shading Mode"},"sceneLighting":false,"audioPlay":false,"sceneViewState":{"showFog":true,"showMaterialUpdate":true,"showSkybox":false,"showFlares":true,"showImageEffects":true,"showParticleSystems":true},"in2DMode":false,"pivot":{"x":-5.0589919090271,"y":1.2864861488342286,"z":6.070013046264648},"rotation":{"x":-0.18198341131210328,"y":0.05806208774447441,"z":-0.010899161919951439,"w":-0.9816585183143616},"size":11.436318397521973,"orthographic":false}