{"cameraMode":{"drawMode":0,"name":"Shaded","section":"Shading Mode"},"sceneLighting":false,"audioPlay":false,"sceneViewState":{"showFog":true,"showMaterialUpdate":true,"showSkybox":false,"showFlares":true,"showImageEffects":true,"showParticleSystems":true},"in2DMode":false,"pivot":{"x":-10.420001029968262,"y":1.2999999523162842,"z":2.7770004272460939},"rotation":{"x":-0.30177831649780276,"y":0.6018201112747192,"z":-0.26231542229652407,"w":-0.6914676427841187},"size":9.353654861450196,"orthographic":false}